decimalLongitude,decimalLatitude,species
12.81305,0.482866,Hypsignathus monstrosus
-1.857376,7.660551,Hypsignathus monstrosus
-0.159275,5.999895,Hypsignathus monstrosus
-4.802,5.249,Hypsignathus monstrosus
-7.293738,5.805769,Hypsignathus monstrosus
2.369606,6.363361,Hypsignathus monstrosus
11.9,2.7833,Hypsignathus monstrosus
-4.133462,5.340867,Hypsignathus monstrosus
21.347797,4.804126,Hypsignathus monstrosus
21.27,4.87,Hypsignathus monstrosus
11.966667,2.983333,Hypsignathus monstrosus
10.45,3.366667,Hypsignathus monstrosus
8.74014,3.751025,Hypsignathus monstrosus
8.7481,3.6198,Hypsignathus monstrosus
27.54406,1.318624,Hypsignathus monstrosus
-0.98333,5.91667,Hypsignathus monstrosus
14.36667,-11.12121,Hypsignathus monstrosus
15.18333,-8.31667,Hypsignathus monstrosus
19.757744,1.243061,Hypsignathus monstrosus
-12.869243,9.54454,Hypsignathus monstrosus
24.05876,3.32802,Hypsignathus monstrosus
20.52361,-0.71807,Hypsignathus monstrosus
26.883913,3.131885,Hypsignathus monstrosus
0.365402,6.457152,Hypsignathus monstrosus
30.355729,0.909291,Hypsignathus monstrosus
-5.0127,6.2097,Hypsignathus monstrosus
-7.246745,5.392467,Hypsignathus monstrosus
-2.650572,5.213298,Hypsignathus monstrosus
-2.530712,5.308612,Hypsignathus monstrosus
24.504613,0.763752,Hypsignathus monstrosus
31.719324,1.918263,Hypsignathus monstrosus
30.404172,0.389874,Hypsignathus monstrosus
12.963791,-0.844012,Hypsignathus monstrosus
16.258178,2.922957,Hypsignathus monstrosus
-10.837993,7.095823,Hypsignathus monstrosus
-11.210072,7.032593,Hypsignathus monstrosus
11.389583,4.042967,Hypsignathus monstrosus
29.361689,3.033327,Hypsignathus monstrosus
28.733821,-2.322778,Hypsignathus monstrosus
27.552069,-1.217556,Hypsignathus monstrosus
11.5103,3.8891,Hypsignathus monstrosus
14.069659,-2.114651,Hypsignathus monstrosus
9.846401,0.86651,Hypsignathus monstrosus
15.512086,-3.209373,Hypsignathus monstrosus
-16.147327,13.207359,Hypsignathus monstrosus
13,5,Hypsignathus monstrosus
32.244711,1.273235,Hypsignathus monstrosus
24.0829,-10.9525,Hypsignathus monstrosus
18.13656,-0.88364,Hypsignathus monstrosus
24.74526,2.80314,Hypsignathus monstrosus
10.56607,4.05362,Hypsignathus monstrosus
25.19039,0.52268,Hypsignathus monstrosus
15.267016,-4.487127,Hypsignathus monstrosus
11.595769,-0.099134,Hypsignathus monstrosus
-7.4757,5.8804,Hypsignathus monstrosus
24.031382,5.727387,Hypsignathus monstrosus
13.107989,1.182722,Hypsignathus monstrosus
20.678935,-1.746577,Hypsignathus monstrosus
-7.37,5.921,Hypsignathus monstrosus
-4.883333,5.2,Hypsignathus monstrosus
-3.887778,5.362222,Hypsignathus monstrosus
-5.933333,6.45,Hypsignathus monstrosus
-6.025556,7.096944,Hypsignathus monstrosus
-2.983333,5.65,Hypsignathus monstrosus
-6.483333,9.533333,Hypsignathus monstrosus
-8.411944,7.616667,Hypsignathus monstrosus
-6.333333,5.166667,Hypsignathus monstrosus
-7.116667,5.75,Hypsignathus monstrosus
-2.729983,6.559853,Hypsignathus monstrosus
14.700719,0.43626,Hypsignathus monstrosus
-1.328843,6.689841,Hypsignathus monstrosus
23.49,3.39,Hypsignathus monstrosus
8.5282,3.4218,Hypsignathus monstrosus
9.1164,4.3842,Hypsignathus monstrosus
9.591572,4.171482,Hypsignathus monstrosus
24.161437,-0.329673,Hypsignathus monstrosus
20.65633,-1.619263,Hypsignathus monstrosus
29.691259,-0.987781,Hypsignathus monstrosus
13.000158,-1.780142,Hypsignathus monstrosus
29.25,0.616667,Hypsignathus monstrosus
25.933333,2.983333,Hypsignathus monstrosus
29.616667,0.85,Hypsignathus monstrosus
25.133333,5.033333,Hypsignathus monstrosus
30.233333,1.8,Hypsignathus monstrosus
17.454838,1.356297,Hypsignathus monstrosus
9.493334,4.245,Hypsignathus monstrosus
10.296111,5.612778,Hypsignathus monstrosus
10.416667,3.083333,Hypsignathus monstrosus
9.220278,4.012778,Hypsignathus monstrosus
12.366667,4.466667,Hypsignathus monstrosus
9.266944,4.465833,Hypsignathus monstrosus
-1.411564,5.317116,Hypsignathus monstrosus
17.1439,-0.52849,Hypsignathus monstrosus
31.543989,1.717025,Hypsignathus monstrosus
1.1166,10.9333,Hypsignathus monstrosus
14.493942,0.387591,Hypsignathus monstrosus
15.268688,0.747032,Hypsignathus monstrosus
15.061586,-7.61021,Hypsignathus monstrosus
-11.546347,9.302719,Hypsignathus monstrosus
32.479269,0.062606,Hypsignathus monstrosus
30.385185,7.657782,Hypsignathus monstrosus
2.399826,6.949846,Hypsignathus monstrosus
3.908707,7.496315,Hypsignathus monstrosus
20.8833,0.24128,Hypsignathus monstrosus
-7.316,4.9,Hypsignathus monstrosus
-7.788,6.174,Hypsignathus monstrosus
-7.732,5.403,Hypsignathus monstrosus
-10.651,7.449,Hypsignathus monstrosus
-8.933,7.533,Hypsignathus monstrosus
10.229128,-0.679556,Hypsignathus monstrosus
34.86559,0.35885,Hypsignathus monstrosus
12.912,0.676,Hypsignathus monstrosus
12.717,0.589,Hypsignathus monstrosus
12.726,0.381,Hypsignathus monstrosus
31.867891,2.094503,Hypsignathus monstrosus
25.22519,-2.67893,Hypsignathus monstrosus
9.898853,2.884949,Hypsignathus monstrosus
-11.233606,7.374384,Hypsignathus monstrosus
-11.3475,7.548611,Hypsignathus monstrosus
3.94704,7.377536,Hypsignathus monstrosus
-11.319695,7.460858,Hypsignathus monstrosus
27.7053,4.90572,Hypsignathus monstrosus
-4.25,10.67,Hypsignathus monstrosus
-4.05,5.38,Hypsignathus monstrosus
-7.05,7,Hypsignathus monstrosus
21.85,2.58,Hypsignathus monstrosus
0.53,8.25,Hypsignathus monstrosus
-1.92,4.82,Hypsignathus monstrosus
-0.22,5.77,Hypsignathus monstrosus
0.48,6.93,Hypsignathus monstrosus
-0.85,6.1,Hypsignathus monstrosus
-2.47,5.38,Hypsignathus monstrosus
-7.52,9.42,Hypsignathus monstrosus
9.9,-1.93,Hypsignathus monstrosus
0.93,7.48,Hypsignathus monstrosus
-6.75,5.82,Hypsignathus monstrosus
-4.68,11.07,Hypsignathus monstrosus
-11.1,8.28,Hypsignathus monstrosus
6.72,7.85,Hypsignathus monstrosus
-4.52,11.88,Hypsignathus monstrosus
10.434814,0.588935,Hypsignathus monstrosus
2.118633,6.74778,Hypsignathus monstrosus
1.603764,11.243179,Hypsignathus monstrosus
-13.216667,8.483333,Hypsignathus monstrosus
-2.033333,7.75,Hypsignathus monstrosus
0.85,6.133333,Hypsignathus monstrosus
-0.283333,6.1,Hypsignathus monstrosus
-2.183333,4.85,Hypsignathus monstrosus
9.216667,4.116667,Hypsignathus monstrosus
12.516667,3.9,Hypsignathus monstrosus
13.583333,3.15,Hypsignathus monstrosus
34.2,0.7,Hypsignathus monstrosus
32.916667,0.5,Hypsignathus monstrosus
9.88195,3.501915,Hypsignathus monstrosus
30.42,0.5,Hypsignathus monstrosus
30.15,0.8,Hypsignathus monstrosus
18.538,4.594,Hypsignathus monstrosus
17.157,3.898,Hypsignathus monstrosus
11.283,5.374,Hypsignathus monstrosus
12.914,3.324,Hypsignathus monstrosus
20.850538,-7.377586,Hypsignathus monstrosus
35.216667,7.35,Hypsignathus monstrosus
